0.436300518612067,0.426293230925997,0,0
0.437415176692108,0.426205336116254,0.139764765151425,17.4705956439281
0.436590759394069,0.425494839437306,0.13604166480935,31.8215176676677
0.439082485313217,0.42769469662259,0.41548295865696,68.9396628385367
0.43808264285326,0.429553406002621,0.263820651205108,54.8155455677142
0.435597006852428,0.425438310640554,0.60094191908852,96.1844408713113
0.437498612329364,0.425309891502062,0.238242092767611,92.6253836339041
0.436498340219259,0.426613283654054,0.205372200077005,50.5607643729269
0.440263067372143,0.42826379618297,0.51383001420356,74.6504068002242
0.439330094183485,0.426615902222693,0.236708994438383,89.687872749229
0.441514532081783,0.428132501120369,0.332411669375116,69.4078380423825
0.438268002433081,0.425850302912295,0.496052911442423,103.557648247485
0.43835744044433,0.427946218910317,0.262227925328681,86.0036169380584
0.439557045698166,0.427188885087768,0.177332988497518,47.8377839731616
0.435204114144047,0.425688350262741,0.575538034635337,87.5320989306564
0.438166565572222,0.427882366813719,0.460804783270892,128.053083901837
0.441639300746222,0.430039969583352,0.511051906920103,7.99345839610152
0.439108139835298,0.427057951067885,0.488927556999481,123.489383037003
0.438584934920073,0.427820403439303,0.115587967177451,66.3886916187809
0.439307338247697,0.426445671978096,0.194122752650976,38.6512559586401
0.440757519255082,0.428939254333576,0.360576316422294,61.5028107992821
0.438246338938673,0.426950644391278,0.400402065197449,93.4662781402395
0.436533383714656,0.426734956291815,0.215810136308311,30.3801402178761
0.438438488480945,0.427184434297184,0.244676273620159,57.4796245329118
0.440593209428092,0.42669757672896,0.276129856561207,15.1412018088897
0.435424020824333,0.426809429191053,0.646299826349319,114.817816810756
0.437340166109304,0.427353017653028,0.248969788864654,110.913677336942
0.436994316677252,0.424628738624354,0.343268027014858,62.0994548608355
0.439028870624801,0.428470199617247,0.543372459814037,109.123888391488
0.438322072538237,0.427340243011713,0.166600451378043,88.7054299298588
0.437571423749129,0.42480764662226,0.330187401250637,21.9269541934476
0.437298778134088,0.424544328513245,0.0473801214145977,36.2355539254128
0.438857408550878,0.425903558731079,0.25850639381656,38.2293493125203
0.437436478522917,0.426205740620693,0.181588306632995,49.3985594804343
0.438456227382024,0.42702514026314,0.163520999688036,38.9825044442025
0.437237328228851,0.427671074246367,0.172434129465644,35.0837281779645
0.438857281270127,0.426748126745224,0.233053103719245,50.6801177912627
0.435875694267452,0.425334305192033,0.41247637126994,72.3070035438263
0.435818965857228,0.424947556418677,0.0488608877035055,48.4366841688064
0.436214716173708,0.425639599872132,0.0996511457586342,18.2787769878387
0.438864179265996,0.427932427885632,0.437976793350713,43.1932557768823
0.438410302313666,0.42714709850649,0.113381719866942,68.2971097971207
0.435669160137574,0.42519436404109,0.420695709545346,40.1243697601035
0.437431612362464,0.425035532874366,0.221199329810241,75.7457255226361
0.433472323231399,0.422970716531078,0.558169958363917,94.2319689598776
0.436972699438532,0.424947192892432,0.502479669962742,132.562866205835
0.435344655377169,0.426290989853442,0.263874903427175,80.7390449375435
0.437683932793637,0.427409522235394,0.324117395800465,62.089243669506
0.435490832664073,0.423722592803339,0.536235967404462,103.21363315358
0.440424937754869,0.425701486257215,0.664518297679113,142.263546995294
0.438300449711581,0.427436491164068,0.342866853550682,110.356332757434
0.43728082627058,0.425948976539075,0.225427778103597,53.2291211326301
0.438970929011703,0.42807947875311,0.339933057737897,70.6289093040843
0.437904274401565,0.427446770792206,0.155023759324061,60.9876427605081
0.436139564340313,0.426499614492059,0.25035308370109,11.9626613397357
0.43902553524822,0.426551409997046,0.360804458286028,74.3243298147488
0.435855804321667,0.425578741977612,0.414451392331977,95.9647892539291
0.436723579963048,0.424054272783299,0.219268702458614,63.6724862369388
0.437480225227773,0.425357095276316,0.188325619976948,44.2105454122568
0.437052384329339,0.424484450370073,0.121485400792414,38.7035567066788
0.438019322231412,0.427161927024523,0.35584077684037,59.5982050438059
0.435979270065824,0.426988957449794,0.25592147575298,64.7392474414937
0.44165472406894,0.430298580788076,0.821245098756123,132.266791412696
0.439595835283399,0.427722644681732,0.412205763530061,151.860104359448
0.439151994573573,0.427367930610975,0.0710211948658915,42.9110624641147
0.438796165088813,0.426937342931827,0.0698234796266325,1.81564787176022
0.438140143329899,0.426665410399437,0.0887686468386903,5.30529974039683
0.43485391450425,0.426673374449213,0.410779809489924,41.3290297355169
0.437311471439898,0.426021061837673,0.317831958232417,90.3376913141005
0.43596666927139,0.424905201420188,0.218433247230958,59.8517278570974
0.437061329061786,0.425709395669401,0.169788860020789,48.506967756308
0.441339287286003,0.42930270327876,0.698355055465463,66.1300178538875
0.434361890889704,0.423380803316832,1.14395803866293,230.28842667939
0.43926354466627,0.429114621443053,0.942924970917554,260.036617181815
0.434745795403918,0.42488077810655,0.7739457324679,214.284458743631
0.43471340679874,0.426619719713926,0.2174054009653,116.710090260622
0.438643626868725,0.426432002956669,0.491837552250887,68.8463103219188
0.439977445950111,0.429027146349351,0.364731120365798,59.4686939776558
0.436313627287745,0.426898300647736,0.529674888669644,107.45236042516
0.435562862704198,0.424881567247212,0.268992944514163,45.5501666750371
0.439062245500584,0.428028286745151,0.588264443542895,104.494923837779
0.435119111401339,0.424681073365112,0.646530934296404,154.33373528504
0.440200658825537,0.427190955728292,0.708449381807825,168.105284003686
0.436977139984568,0.423943007985751,0.572006313562741,157.902769043082
0.432467315346003,0.423725794690351,0.564381573692471,51.4438357419522
0.435188102535903,0.426033490337431,0.445956523460458,119.668439023349
0.434066326357424,0.423577312069635,0.33752762567031,95.6318777102665
0.438471710930268,0.426610788019995,0.668596823299361,121.720464331131
0.436230516682069,0.425487860416373,0.313346804204705,122.487145100289
0.43693593206505,0.424066402638952,0.198358619185692,46.2764614526535
0.436580082401633,0.426422927218179,0.297905109563393,61.3158012813902
0.432302793798347,0.42379468275855,0.627530710595242,99.0994678285006
0.435681901561717,0.425361497948567,0.465585637868715,136.411646860799
0.434653687601288,0.425124693351487,0.131891312120254,74.4077020960886
0.43594377891471,0.425185453146696,0.161440166435587,36.5206889350895
0.435394478651385,0.423965395117799,0.167251325348094,35.0218112533512
0.438067231016854,0.427476672145228,0.551598126618094,89.4415652437147
0.438830909629663,0.426830970061322,0.125008512511454,71.4748335933621
0.437934194691479,0.424440229311585,0.319172245151736,37.636686727805
0.439230533006291,0.425497290367881,0.209085475313992,63.8464723939153
0.436030056017141,0.423636998981237,0.462731985759931,83.7539253310962
0.439874127817651,0.428404131904244,0.765490491379281,151.125675781399
0.435418612944583,0.42500433512032,0.700560389038063,181.936925528188
0.438545992287497,0.425177818785111,0.391523429543817,130.978716901764
0.43584926923116,0.423450799038013,0.400291152815736,95.7241137387137
0.436892793513834,0.425740313405792,0.314513984406829,85.7554840244664
0.434820263025661,0.423013627839585,0.428117186085041,92.2696391387596
0.434121234032015,0.421938652793566,0.160283580896537,33.5652277099766
0.435967935870091,0.423605192142228,0.310937621341487,58.4563945135782
0.433534290951987,0.423428983427584,0.305001974853499,72.8149958966674
0.431911386239032,0.422776482378443,0.21864559388648,14.692104233
0.436298164539039,0.423304493228594,0.552305102944856,95.6958202067552
0.434613527109226,0.423367909776668,0.21072882932287,95.1432113781492
0.436199391881625,0.427338102211555,0.534400877244372,79.6094631446836
0.438650316248337,0.425770189613104,0.36369157966707,87.5821816383143
0.437987042901417,0.425484826788306,0.090256879456643,52.6243906806178
0.437406714074314,0.4257452574869,0.0795107791765294,8.62593919738465
0.433469964501758,0.42499277771761,0.501002479413211,54.7801622031929
0.434466492074231,0.421291259738306,0.479164353226812,89.8050864548862
0.438077246149381,0.424636531931659,0.615279294289724,117.438722328432
0.435900408153733,0.423538801881174,0.304744640104494,114.005219903347
0.434488133837779,0.424173096815745,0.193521995177688,29.5823308600306
0.434961195414265,0.423115089535713,0.144868833979412,39.5851849607378
0.437990721315145,0.424524049274623,0.417642092773072,55.510407144785
0.437750111954908,0.423155706686278,0.173666990211934,67.0368821260559
0.433239696236948,0.421914308021466,0.584766521167487,66.7452031358124
0.434710222296417,0.42254945045958,0.200228494798332,97.9440397664397
0.432153791499635,0.417799199000001,0.67430783201144,105.070252906109
0.433429526165128,0.422455186024308,0.603449900924604,158.701713979459
0.434618353533248,0.422443765215576,0.148610278185096,72.9408886153471
0.439661342961093,0.424502466494838,0.680877114997987,68.3582064932698
0.436498859276374,0.423290867048005,0.423328999487945,138.018072158005
0.430674616868297,0.421393854543567,0.765674295046097,42.9467289052339
0.434276131913066,0.423107187574108,0.498535679064825,157.711522801201
0.434578433943291,0.421746086329222,0.174283493746119,70.4632977194707
0.435789709289869,0.425204898851613,0.458096810699542,76.6386757745197
0.438170239639779,0.423804821756979,0.345215978993672,78.0874371780415
0.433502100718518,0.421686367752651,0.640792579991777,110.705968645918
0.433265991508961,0.422049085920056,0.054099449483528,79.3637767520621
0.434125087534388,0.420362840406597,0.236559648680486,36.3015752184185
0.432207852602005,0.419504452496767,0.262577952404461,45.2676550696332
0.434132086113095,0.42223923932761,0.417988741164018,82.1877740596729
0.436185669153929,0.422796378222605,0.265977179880952,34.0857211320828
0.433807396950821,0.420809369844695,0.387386696458577,79.8466949210404
0.432917106586198,0.421603084852298,0.149091019108042,49.2782688203347
0.430917717826863,0.420855577414234,0.266819308618775,29.6688505410412
0.432889627913634,0.419798660092056,0.279662285629642,62.2395922710124
0.437186932501694,0.422629963296155,0.643271722283109,70.7895594729155
0.433697305309276,0.421172100740174,0.472739046247238,138.907260147524
0.434897521821161,0.42331387847662,0.306892986940649,92.3753967103487
0.43521532882005,0.424138584484657,0.110477747210327,24.7710437999162
0.43265914854904,0.420008838176727,0.607104579975657,89.4951123877123
0.434119393117726,0.420488077991952,0.192109384566823,95.5228487989351
0.432780107483268,0.417918738909066,0.362180663945735,64.6716516220012
0.434330790303648,0.422679231502116,0.625835777904046,123.109086522701
0.431607588194311,0.421574741912385,0.367332593293374,113.390688943412
0.433174313046038,0.42293772722284,0.259577653288025,77.3270274130202
0.431760308332741,0.41987611229221,0.421546544595773,83.3588054004954
0.431862300261855,0.4211845320339,0.164048610081019,72.273772947887
0.431864829113086,0.420073309602837,0.138903163570185,37.8388375089793
0.433857816892366,0.421494222866992,0.305956359035956,50.3252068660052
0.432553755429884,0.418710743077099,0.384226821817861,83.484090830289
0.43285563091437,0.418684435387452,0.0378774550913228,49.8558259960183
0.433525445250173,0.420163417235017,0.202948521408156,24.2125777878226
0.434651396858195,0.422273438734313,0.298955414503435,12.166169767344
0.434604935968916,0.419019173520307,0.406824607042969,85.7955119723315
0.434167964073519,0.420534247842928,0.197103821010022,74.7703163717733
0.431827328478297,0.419140744333466,0.340505759415876,54.3151621347489
0.431869999195139,0.419486166288455,0.0435059473420978,46.0977507481004
0.429011634240548,0.417980398361882,0.403840687615702,53.7711439710648
0.433693028986454,0.420395742791394,0.65847059397346,132.787772008913
0.434205379647513,0.419031026773155,0.182215232037202,87.9311164644836
0.433372002094984,0.42177380528301,0.358324052429837,67.5363323139213
0.433576431746284,0.419879265440007,0.238192172253323,74.2504295844512
0.43253772581617,0.417950420640409,0.273842800200623,19.4313878542292
0.432678895692031,0.419159893256923,0.152210429173445,52.3872093880633
0.436427406035364,0.421571297105402,0.557143920961734,59.4110579956997
0.433939083168904,0.419734910130501,0.386572838570963,117.905938748146
0.433948884407679,0.419406524548928,0.0410664770651,45.5936649872712
0.43549900315702,0.421856192251046,0.362365060829958,49.6328268396351
0.435838343265156,0.421139032890399,0.0991738733199406,52.9749225834263
0.434888057410717,0.419596705585718,0.226447314509624,23.9222641379675
0.433653515763581,0.420501505024731,0.191325765358134,38.4934509426584
0.433363226552804,0.420336042530835,0.0417667748447576,22.3009493288595
0.432432744652033,0.418686668078105,0.236716888292403,25.2518630476247
0.432614621085425,0.419365573984881,0.0878557293307836,40.3180425454798
0.433453930852314,0.418154975088934,0.184136098259504,31.2595570835467
0.433039616793394,0.420186853346725,0.259211104661306,54.3184664560044
0.433521280065179,0.419953623165687,0.0668949531837997,38.0605616321692
0.43430566539367,0.418964590256413,0.157789735446214,12.7214601652738
0.429578217988213,0.416820590694745,0.648863105407703,87.9928198297727
0.433268327576419,0.420477558858693,0.649402669346662,159.73190146463
0.433338618216415,0.420371835740904,0.0158696603746676,81.5812581690183
0.432798166759312,0.418487042499085,0.245093519838939,29.3903567546003
0.431426600242655,0.418917328429719,0.179684649617287,38.4335103904503
0.433319716714323,0.419641176859538,0.253347788519444,51.2164856958102
0.429560828953981,0.417393238594135,0.547472368593646,99.7759550747156
0.430924066963295,0.418748307197044,0.240267714898056,97.8502209779204
0.43279762348781,0.418200538183252,0.243998749453259,30.7825030776562
0.428789065529903,0.415552800676475,0.600508258773062,97.589525274612
0.435083406356474,0.418709908301632,0.880217080805395,184.775749834205
0.430860644206405,0.418013591319323,0.534973385960517,175.012789869312
0.431547296854357,0.4196115154773,0.217401323650046,84.6723580628581
0.430433927103877,0.417324911182125,0.317907007924319,66.8955173297764
0.434331171214581,0.421880952082574,0.749437500990084,132.516254658801
0.430491431926688,0.417190561381479,0.757703796099502,188.381657273001
0.430539999467631,0.414318457245827,0.359064343382229,67.0694748769181
0.431307836435735,0.41393803153187,0.107113938564447,40.5221349920602
0.427645098107557,0.406297111728539,1.05918090037221,132.899577959255
0.416971494133274,0.369602429370085,4.77693929072861,466.994984299224
0.404513636293511,0.345854185521603,3.35218517314348,204.200178447911
0.400715500116348,0.338892485635976,0.991298893165262,295.134220943173
0.395494285970926,0.323955870233476,1.97786010009299,126.576415520694
0.389207518349091,0.307933297784378,2.15147578353771,23.7721264023544
0.383457534946501,0.299352798921367,1.29111912374137,116.584486614762
0.387046214813987,0.303854269596438,0.71961210720848,251.144139053369
0.383748199790716,0.298374965321273,0.799410705160024,189.470398778007
0.383133599534631,0.293448895060768,0.620532806422874,42.8101695525856
0.387146608593563,0.293475633797546,0.501637267279584,105.910630967604
0.377338188855598,0.283045243937522,1.78971947168138,270.805832553082
0.37584353176256,0.277691666812946,0.694788500356298,152.20761294439
0.374792938120663,0.275653388972084,0.286637934644532,52.2641691903667
0.374218976901223,0.274491743029406,0.161963189180126,15.5910721574414
0.378288385458291,0.271911193151027,0.602330418031876,75.8644376852858
0.371282469791671,0.26503069869553,1.22744690745611,185.636790730645
0.372037102468312,0.266576246358454,0.214992298373093,178.989334125895
0.368438123880575,0.261794583406299,0.748090772640149,120.005213518828
0.370657225760321,0.259467569024612,0.401936894247493,98.6670932761112
0.37052101517717,0.259292174130678,0.0277592022412154,49.8458640273433
0.368882188263039,0.259982478028784,0.222284766903242,27.0961568850164
0.368721722780416,0.26002664755409,0.0208041905630432,25.2092906955976
0.366619437312086,0.256748221426581,0.486821355579368,60.131502070523
0.369021928869188,0.254924540873617,0.377031506500206,73.9663483442328
0.366845994411657,0.257146271876991,0.388723460002847,95.4626627452921
0.367382854533692,0.257322942993293,0.0706478363485576,53.0825298359661
0.3683595500576,0.256162378626565,0.189606656814691,21.9955046777611
0.368589929149797,0.255992549471557,0.0357763163655573,19.3809496660266
0.367701251991093,0.256761693938946,0.146912511386219,22.8251161402337
0.367362375060717,0.257605870331948,0.113706815734267,8.67025718200564
0.371043520669142,0.254914115803937,0.570038039156908,83.6534376433627
0.368223550729454,0.253387526609004,0.400833214824851,103.198498457206
0.367671915640434,0.25386352557689,0.0910765722540106,47.2787361583462
0.365947774145752,0.255069544383635,0.263009780471253,21.5811753164309
0.367071859072894,0.25339240503187,0.252375072086008,63.3246277195535
0.365226082348575,0.250955471458534,0.3821308871988,47.8986292453198
0.367605303724607,0.250988864805549,0.297431963643335,76.4717639012138
0.366356703607986,0.252523512579501,0.247302510896264,61.3464913520494
0.364563275283823,0.254104362723107,0.298838175545379,8.54349559983479
0.366410883453985,0.249549941935887,0.614364568292815,111.473940852436
0.363679017561177,0.247252113108213,0.446218636460454,79.7698562866698
0.365481585264206,0.251843784858162,0.616602330610125,128.871971052211
0.365638941215972,0.252531367897366,0.0881698761055175,66.1965998817411
0.365467596954356,0.250184226315469,0.29417343049698,47.6949058290439
0.366378237648557,0.249611838720739,0.134448760717099,32.4776183433767
0.362857513595372,0.251306417242934,0.488414114548233,77.7744147817407
0.363828012874971,0.250122322700918,0.191374499351666,83.3529616727375
0.365522301755846,0.249495050714662,0.225834734810284,14.2686516634479
0.360993203551819,0.246723091385017,0.663754579397132,102.852659578521
0.363859379664063,0.250348341806481,0.577675921861817,152.785317441597
0.365684272100528,0.249841169997429,0.236757248059697,66.5874094836053
0.365416381042451,0.250203250752141,0.0563011006679128,35.4082729681858
0.361942554513613,0.245836193207651,0.697525339474061,89.2716449151303
0.361556821037084,0.246220564236864,0.0680683713048274,88.5434328433516
0.36405868579944,0.248273738504698,0.404560947649025,52.1114899271993
0.362497302548339,0.248140190805619,0.195885515222991,72.0983915989217
0.36769397649914,0.249399860544751,0.668395794077858,107.815208270237
0.362325912962357,0.247091840642194,0.730400810402449,174.232473927635
0.361858485732228,0.248910634390389,0.234737183953268,100.10593402434
0.364577185207357,0.24960515787825,0.3507511963464,52.7916633272211
0.365448127966374,0.24702973337844,0.339838027680667,58.6858957199057
0.360324712159733,0.243371267414962,0.786941892844409,95.178329521865
0.362272496645649,0.24609818138803,0.418888488668422,148.868576779063
0.359880275093019,0.245618914874891,0.304969781993978,84.3102264750278
0.366635431690762,0.249249922344461,0.958647777341438,156.693806619554
0.361740660543243,0.246049850713462,0.731001485870961,211.015297081888
0.363596174089859,0.247004890271152,0.260858890207797,123.853425493238
0.363042919586102,0.246997660879667,0.0691627168834019,40.5291087373014
0.360046218615025,0.244611191097647,0.478856951672192,53.2883872478855
0.36270625765125,0.245896556880325,0.369289285095305,105.374476297517
0.361530448930959,0.24618544569239,0.151347225592342,61.9244877148044
0.363648802042007,0.246415172393123,0.266346645021772,51.4795789839101
0.358155008405447,0.244011450946952,0.74957952079708,125.856273481307
0.358970938405643,0.243864473110686,0.10363278390346,104.705576906042
0.361580087803304,0.245372145203874,0.376678238850261,38.1246868470999
0.359342791916182,0.246074601930256,0.293122690262092,76.7637719304624
0.362643462916215,0.244247266634678,0.471592768792091,95.1316482431771
0.359701817700018,0.244077793089673,0.368315376503911,100.917443498156
0.358147692711403,0.245849911356345,0.294631857984231,37.2877821482921
0.362084750862171,0.247309343889356,0.524856679856234,85.9387281706102
0.361825378456463,0.246724009901906,0.0800283076583625,72.9389653119104
0.36206849400575,0.245070968133708,0.208852978256856,18.4381226721205
0.359879345477869,0.243418735684827,0.342833855129212,38.0041283096021
0.358307431296756,0.247623254622643,0.561093988495358,92.0185356301307
0.361529866078248,0.245347418434297,0.493132783163447,125.954155746087
0.362482399214059,0.246400846168399,0.17752769879804,62.9601260889973
0.360417973405371,0.246432331313069,0.258083236146546,49.7709792275004
0.359776648382346,0.248140425809349,0.228065389245204,34.3616265322881
0.357585684241106,0.249979477608576,0.357561956791265,24.2994181340682
0.360985750332475,0.246712676016614,0.589391132691768,118.306488714858
0.360819563890497,0.247593602010359,0.112058058330395,85.4700372058631
0.363047140960892,0.249130545804898,0.338292953483937,38.7816878630512
0.359568878076971,0.248109225494166,0.453138497502051,97.7047689677949
0.361460260891666,0.247663177394619,0.242908414416422,84.380834644379
0.358145581868788,0.246457499529546,0.440893200982345,82.2060893267118
0.357242181586723,0.246094889861221,0.121682080721491,39.9127134493453
0.356433227503051,0.249423024555047,0.42812978555242,57.6867594395221
0.359880363103002,0.24832516675815,0.452217376978739,95.9427280270578
0.358389115116249,0.24630183687744,0.314187552570336,78.5055280002567
0.359386702533811,0.247743700320522,0.219165706578899,66.6619460342887
0.361130568819741,0.25009334863474,0.365759415969658,18.3619048897572
0.358384521212429,0.24877848289907,0.380576235884196,90.5549163148447
0.357679275019715,0.248680414399132,0.0890040047393404,37.1252956858858
0.360415608622134,0.247551759084066,0.369995447690578,56.1339529280861
0.355063183233142,0.250374977244064,0.75642062459146,140.664339969563
0.36142037405322,0.251153411421304,0.800584111867507,185.731407120029
0.359231022962679,0.247247725647564,0.559682381479213,152.281123622081
0.358461998092632,0.248302260025715,0.163144970303198,80.6182024263924
0.359231558938821,0.249392957737048,0.166857227213516,24.0470414674889
0.358204769125829,0.25157939006264,0.301941209986942,32.8775769680696
0.357534838840365,0.249284247867763,0.298864629736618,70.2462516114181
0.358691774619122,0.248826253693551,0.155536323117996,40.4821782331494
0.355848818241308,0.250011019874364,0.384993341447154,67.5639866862089
0.359121279170116,0.253621558193117,0.60911035896828,102.796231733594
0.361645745734374,0.251885757626345,0.382955917862632,84.3501627915441
0.360485679625223,0.249770671129227,0.30154146346033,57.8750481708208
0.359057996887714,0.252830123140787,0.422021263719749,80.9602215898372
0.359898732819905,0.253069624615212,0.109273014161294,56.5483500363178
0.357838036026806,0.252589172528436,0.264495554097126,46.7097216131924
0.357488836782674,0.252129879004012,0.0721208462495524,26.74419267827
0.355799974873662,0.25397892218704,0.313029931686268,41.7018177560923
0.356458400376141,0.256443527061492,0.318879908073926,37.916548439044
0.360798364194731,0.254931305535138,0.574484822083001,84.676649147942
0.356167620824029,0.252909452499201,0.631610959474689,140.393308919436
0.358427856583148,0.254377577298631,0.336898911802182,120.692923981342
0.357312755969663,0.255302925749371,0.181130095402858,53.4171694533916
0.360939521963398,0.253042729416241,0.534174582849595,89.2582750818199
0.356735742495706,0.252713195203493,0.52708447215497,126.016277360507
0.354665056957553,0.252465225135287,0.260685027638765,33.353949434056
0.352654037376245,0.254272649995983,0.337985400559935,32.1290744777666
0.358129645852993,0.255465949575106,0.700516016012621,117.371469700657
0.356173190443466,0.253183458776524,0.375780063981108,128.198047354722
0.355367751171192,0.252428272273391,0.13801262826251,29.8821601608396
0.355858179119726,0.254734064918011,0.294671408433592,51.9372395754901
0.35802746269231,0.255807756601522,0.30255694323355,32.5383974825864
0.354098122101277,0.252430219125624,0.64768188663305,117.973052196636
0.358028282877058,0.252991548584153,0.496255580643971,137.363599303436
0.35468948384126,0.254421814810485,0.454031257177487,114.386128907826
0.353674442817767,0.255462460995962,0.181712890069847,36.8155475313825
0.354254045213262,0.252797972410917,0.340850002674793,63.0269026246478
0.354676307489475,0.2562628009667,0.436308061159176,95.8021293081481
0.355842909930895,0.257351162921016,0.199432515212351,38.91106831806
0.35498786251992,0.257756219400714,0.118267230956517,33.3438177180279
0.352604738281419,0.257951733345787,0.298891358786124,24.0996409011064
0.356107562469939,0.259016738428424,0.457643644145738,92.9659974958348
0.352994995346914,0.258187524043024,0.402641097013963,107.519381426408
0.354723727175345,0.258954026736319,0.236380258847519,79.6484103460886
0.354321425314993,0.257238089883079,0.220308238297433,51.1198105483713
0.355831434639792,0.255868831338982,0.25479762562557,30.3668967412957
0.355321203668912,0.2567324747021,0.125387867130272,47.0497310541508
0.351735684865465,0.25767413736321,0.463388903507439,48.0668334156667
0.354307207434128,0.256712738114099,0.343170348490902,100.694370367152
0.357852077887704,0.256902828657379,0.443745439189275,23.5587221723156
0.355021188811709,0.257064796828975,0.354439845239888,99.6222117300921
0.351168111742785,0.258457544104507,0.512133220470007,24.998464286687
0.358579995886733,0.26050106358404,0.961054095987733,176.308484028121
0.354167335511496,0.258887278381735,0.587312127758315,193.394160773762
0.352769106781731,0.260046429466456,0.227028178934809,63.9976306421995
0.354195951639364,0.261655973580976,0.268866791609376,44.6992299276936
0.354533959024896,0.260582422682395,0.140688070551923,45.2439295014733
0.353750456590205,0.258980289101601,0.222931746697347,19.37237840625
0.35396437253803,0.260090352191279,0.14131083290706,45.1528821438254
0.352168775474032,0.261496298325558,0.285067243951266,31.7371764548807
0.352306078653783,0.263365734989444,0.234309010825272,31.0577163354759
0.35282754789417,0.263319227844477,0.0654423748426715,30.5324823863259
0.354012353190531,0.263575471161554,0.151524762200412,11.3931063550718
0.349346209783107,0.260439610263954,0.702745929681268,105.673957470573
0.354629704418282,0.263615199209501,0.770548513144659,184.103147239698
0.349977373300741,0.263318457019826,0.582723143342558,164.454677769511
0.350661073811352,0.260827348877986,0.322903482158102,90.1502590468481
0.351938153772304,0.262740850448608,0.287565793760726,69.4437403867757
0.3486190304781,0.264601367370536,0.475626275604554,71.8204475987768
0.350189940693478,0.262203654274344,0.358311731344597,101.315746656279
0.349739731599887,0.264061369622747,0.238936267118274,73.6094969023381
0.351048711376886,0.262561372791727,0.248854203979838,59.2288014273216
0.349418677855283,0.26414046001931,0.283684622255277,66.509217614251
0.351843521464616,0.262228693502645,0.385979228391222,83.6019102481998
0.350860251579434,0.262139548547566,0.123412829187914,60.3885267024279
0.350733789925774,0.263502114452422,0.171052732865193,26.3390637812588
0.352148866746575,0.265025486393521,0.259900957088013,24.2172350813214
0.353094272315502,0.264594214037061,0.129891032167724,31.410623975657
0.353515541025748,0.268031809168557,0.432913956778676,61.0032799731342
0.352404170824836,0.263892008612553,0.535798066657446,120.794395546104
0.350661707886805,0.268035540822893,0.561875156681513,129.802170464268
0.349004939508935,0.266107254351179,0.317784571656561,94.8816152602893
0.350506759093453,0.266891591716558,0.211787303649402,65.0552011653275
0.351179168870052,0.266505213454366,0.0969393390508482,22.4179042112976
0.346060414953778,0.266013633615027,0.642788023887559,90.5018617749589
0.350133297344049,0.268338220504423,0.586196361769677,150.20897961697
0.350465690561881,0.26739160126696,0.125410154094162,77.6423352308518
0.350917129932592,0.267294228697817,0.0577276637879072,13.3992177266102
0.343208146436761,0.267221255848805,0.963666108343671,127.507177251978
0.347457859975596,0.269347842782736,0.594012272991446,189.989012072856
0.34771250669534,0.267101360795399,0.282608559653056,92.5499900275162
0.348528653538475,0.265453877858818,0.229819756000668,12.8285175352518
0.348825459989409,0.268495553638786,0.38201533059393,73.7161003788822
0.34640882552291,0.268496863233546,0.302079352667416,63.6737215080278
0.346873410822203,0.268171361026665,0.0709083020311588,45.3077403008912
0.347764644927035,0.268553586055835,0.12121740557647,12.9122171806035
0.344108444017669,0.268752361182123,0.457700035511823,71.1114659850094
0.345394808333367,0.270730608298133,0.294962783793942,82.0803001660393
0.348379173471282,0.270022052029769,0.383415718856497,49.6622361542056
0.349800509400666,0.2687060579968,0.242127165677191,26.2017830259246
0.346677637969454,0.267440363609542,0.421201930822157,71.0075896004876
0.347417067891608,0.270997493217389,0.454146308624651,96.5430338286914
0.347274919971824,0.269062000482033,0.242588197869453,86.9206260814385
0.347273144405335,0.269282014574856,0.0275026571662339,33.7511359903428
0.344283809264501,0.268419919380297,0.388895324700041,49.6483550601736
0.346807023975998,0.272843923574934,0.636622258418447,119.335575773688
0.348626664374024,0.273787992075086,0.256245625301201,55.4741838278922
0.349144565717628,0.273356655767808,0.0842497043468775,29.5897360253973
0.347388532633583,0.272080193739384,0.271368277849383,37.904766258671
0.34823595546186,0.273825446143746,0.24251389795278,62.3215044912132
0.345827005803585,0.275230453660091,0.348592809043681,51.1578066419782
0.344313284382224,0.273454977044215,0.291645915318597,51.626174962683
0.346258205206444,0.275772052972267,0.378144273658446,83.7231657507788
0.344496387522668,0.274584670706342,0.265573618451077,79.7045594484684
0.342925258136044,0.274641924692939,0.196521530646683,19.6743596261789
0.346627614771326,0.277283475734293,0.568512815363771,91.7604596527319
0.343602953789135,0.272324682989468,0.726057413614405,158.590279898867
0.340245559501151,0.272122578229755,0.420433978521062,74.5048630577997
0.345657826246073,0.278084666468203,1.00653433468218,167.489672861614
0.344903504786392,0.274429220861445,0.46655793196864,178.510935625515
0.342962192526708,0.272796005476266,0.317118022784495,36.6384168723014
0.343543920045098,0.276068411301821,0.415463724213305,86.194005239885
0.344759134110063,0.27858471032232,0.349296301159885,15.4126405463085
0.341983501178523,0.275138863983254,0.553087854163895,112.102201467046
0.34229498449713,0.274660946025203,0.0713078090479549,66.9123829816292
0.342831809694568,0.275797240280857,0.157090038276075,25.4666411762558
0.34679194415609,0.280031729489565,0.724715071295279,72.1426035383124
0.345882378673802,0.28040676144883,0.122981092108794,97.0882076727045
0.344263494635622,0.277751935490717,0.388685412579706,48.6215550806938
0.341845480725169,0.277539083734155,0.303420529685438,40.1469668069393
0.339489468373358,0.278238703962415,0.307211822935264,14.2902504833675
0.342136567924172,0.281229385950913,0.499238714009897,85.9802346861748
0.343052451654027,0.278727383042375,0.333046110756099,89.9852087412209
0.33999504816408,0.27768089203164,0.403942669506843,66.1170655825902
0.340357339164863,0.278439137308548,0.105043939407673,60.4172169741563
0.34133449010551,0.281387041943769,0.388204313537883,35.5366944593802
0.342210555914789,0.278063452492158,0.429638986262177,98.0048232592041
0.338670948985964,0.276894418057054,0.465957661720831,76.7699247746342
0.338589575452109,0.279399108607322,0.313251506496086,78.8337127637803
0.341337118918697,0.281364319690814,0.422253065846407,44.9983981118619
0.338193467352539,0.279861411545426,0.435554209866571,106.816081506719
0.339529597976555,0.28015911191081,0.171111739441644,75.4392079220769
0.344123728107661,0.28191756674399,0.614895761769137,55.7888308998207
0.33752501833563,0.281363820967575,0.827737928789101,178.580787994903
0.337247597674529,0.280912559479475,0.066214513355294,98.7831222305804
0.336807509418577,0.280019398623457,0.124462217393873,7.35762979873089
0.336300164926797,0.28028905345127,0.0718192348345769,18.1993606342598
0.33872534132873,0.284055177743236,0.559927070628288,71.3037377974051
0.341475753268848,0.282789267133921,0.378469275319964,78.7896003529775
0.343337753321975,0.281665486594041,0.271854938905286,14.0579561893746
0.341421143462261,0.286037513365348,0.59670987825143,104.21042282504
0.339663974164675,0.285089731216431,0.249560079883864,83.1593388902656
0.340920639690012,0.288372779109826,0.439417435946732,81.1645030741674
0.338563079635302,0.286229843118538,0.39824348853583,101.867244313071
0.336857182594637,0.285552157089114,0.229447129933664,25.0566844416457
0.339687352223943,0.288717946968973,0.530802542354179,92.8974357517582
0.338472125430902,0.286409553761284,0.326090846233588,106.355545795995
0.333889079590638,0.284090754886468,0.642032142349103,52.6224237899867
0.336129082987706,0.28422970805938,0.280538633790428,113.315777090761
0.336217070153604,0.286673435475677,0.305663863237752,49.2699589063267
0.336745994475981,0.285886620637029,0.118508868940129,50.9452372309722
0.336632512509823,0.285465993763258,0.0544582873028896,11.5538340114219
0.337031698630502,0.283970700887342,0.193457454290147,18.6044847126256
0.331741821952164,0.281730412971228,0.71808866552017,89.6505438084182
0.333065728191286,0.284829664975405,0.421272082421538,132.815083651025
0.33719914034009,0.285951143751542,0.535356345069601,53.6848042061911
0.336978315220525,0.285770867795994,0.035633366030746,71.0103349423944
0.333616034438213,0.285513120703399,0.42151819398097,49.1001683077767
0.335138915261875,0.285521720380833,0.190363138071406,76.4440162900897
0.337678135683139,0.287030638661236,0.369215272670902,28.314906113572
0.335056537917505,0.285543635177116,0.376744986001893,93.2402699679352
0.333037888165563,0.285823564821233,0.254745811627397,29.171498335812
0.33335267410924,0.287819785065949,0.252610911771603,45.2601410082171
0.335777381124596,0.288768304667125,0.325453854835095,36.8082140410934
0.333323450138171,0.284754821720223,0.588029318083008,108.728646026183
0.334262821512918,0.286662879089514,0.265844806236918,106.638925845712
0.334911498862008,0.287923097920914,0.177171077556344,11.0948259571711
0.336061952480425,0.289359306606154,0.230021701275309,8.30850252085578
0.334872601398577,0.286994880375763,0.330838598178314,69.7363754427005
0.333586227769653,0.286269545710335,0.184597005750985,25.6556339992237
0.33393200688685,0.289591934842368,0.41754177827155,68.1937556694451
0.335063260048628,0.289219916177293,0.148856663606156,59.0153963252694
0.336118502076715,0.290841665739814,0.241855050255496,31.17525998938
0.333093749514471,0.287744759892424,0.541120854835238,97.4680245226815
0.334972014495482,0.290746171182642,0.442583838666915,122.264055441537
0.335550139192492,0.293722685892135,0.379017396968749,20.3184161926117
0.332483439395825,0.29110318950067,0.50414545563159,104.348899515118
0.332123008556664,0.290517409021656,0.0859732116174267,52.8944724480327
0.328001874809464,0.288786783503989,0.558720749300217,61.4234560123505
0.328542403721561,0.29059140291065,0.23547899016248,91.415004153536
0.331286258529872,0.290550452657044,0.343020046160754,44.908686585286
0.328289274126291,0.287535556902488,0.531382511799166,101.022104030678
0.330998760648072,0.290213978538911,0.476236214927897,125.951140445
0.3295438385879,0.291961339923243,0.284222349376048,66.6753225732661
0.331665137937913,0.291506238902609,0.271196073883518,65.6253724318987
0.330091858593126,0.29048308559383,0.234589088554313,58.4061478692199
0.328644936128209,0.289646498703708,0.208920672901694,3.52076324723543
0.326977761462331,0.291512625291944,0.312797353775796,42.3698926970314
0.330433844278256,0.29047570656985,0.451035421051547,92.0091485806072
0.333437839367737,0.29286321438849,0.479651241816826,53.9709314060301
0.328679249001046,0.28941186486433,0.734804351254985,151.771753127352
0.330580260915061,0.295904036766539,0.84559651933806,186.994057557928
0.328880247504761,0.295795791782439,0.212932008359724,117.481803838985
0.333158829559882,0.296406211952368,0.540238332623119,94.0880407376931
0.3313182243146,0.29066005256027,0.75421912669209,137.864004110393
0.32916701072827,0.293391428266962,0.434599908412946,132.550365292042
0.327767447723697,0.294497841348251,0.223009476754066,27.9747816951748
0.330487144179642,0.295388294849545,0.357719693214221,64.4518220384668
0.332352957998713,0.297831227071583,0.384243962397853,27.6845094670968
0.330914429544161,0.296957407301913,0.210391194579549,73.153576206871
0.330884163423131,0.299202304643889,0.280637669928222,53.4676432310243
0.330968071706593,0.299241412586222,0.0115718078664458,34.5115988704817
0.333651508049419,0.298312025920798,0.354977776149966,43.3450227842118
0.329832359217107,0.299691751754532,0.507591450806171,107.818856802716
0.330198865228643,0.300012269988656,0.060860829318006,67.4624230092868
0.330843024266263,0.29999211570248,0.0805592814522487,6.86698696701382
0.324222764310737,0.294544427500417,1.07168929605343,141.688605976257
0.32741766795516,0.297346110766133,0.531166734923838,200.335147722209
0.325942525174469,0.300184044831743,0.39980299805374,72.9716737456506
0.327372370132556,0.299591497673343,0.19347031180093,70.2380772639673
0.326367762715866,0.297280188960334,0.31502440452335,46.5632855603163
0.325086444616318,0.295513833872974,0.272768971810163,9.54971643625281
0.326687217845271,0.299387079042693,0.523875329206611,98.9588642213293
0.329232123369972,0.298520550287018,0.336048178606511,75.5139335751569
0.333189470693469,0.301502713623146,0.619398599476438,64.0575887074938
0.32615244978418,0.2974382538038,1.01580861340902,204.043016114597
0.326871936675161,0.299295367362599,0.248951933003943,152.476660394137
0.330888534585635,0.300486159976572,0.523674604118509,52.5588506563541
0.328558389097452,0.300283199641854,0.292370989005387,101.530883360535
0.331791528034955,0.301050109788775,0.415356371133768,88.2373817336716
0.328179301228374,0.301000368315727,0.451571158503902,107.717294964382
0.330880744227519,0.305026296526194,0.606035944600506,117.420091870256
0.329162382831176,0.302830491525431,0.348530968176886,119.247145051974
0.330144924577326,0.303074840301027,0.126558694823134,56.8742020835928
0.327267573059847,0.303213611555596,0.360086995049273,60.3333889901606
0.329252280605336,0.306781389440099,0.510332353016635,92.9624535681872
0.330931567276518,0.309393744294842,0.38819296126221,15.6727012202734
0.327864702325314,0.305790918258329,0.591423284309423,122.189526771168
0.319151191506535,0.304434557911009,1.10230570978497,94.9547816501919
0.324081160128117,0.307968703409036,0.758233710373658,226.460957127841
0.322796608010928,0.305242726268868,0.376684249208105,137.827560346539
0.322636487272878,0.306157786088685,0.116120433481122,59.5423137487679
0.325925992180904,0.305425290173541,0.421259139471069,59.7323886298829
0.323412394151092,0.307316566196581,0.393205974387197,99.5107451537796
0.323745542361091,0.304880192503333,0.307380680685983,80.9376752845064
0.323011791488777,0.304756188299507,0.0930194355689384,39.7910997338495
0.322110064793378,0.303314552331964,0.212552394133008,20.7546195788128
0.31908020346115,0.303349407079319,0.378757725703842,40.4714099742713
0.322883072309196,0.303886892118802,0.480083027374945,107.049883103197
0.318638605065644,0.300662427209318,0.666294277774482,138.800565805002
0.321448308881372,0.302575881127268,0.424921710219927,136.358488927754
0.322331435512751,0.305753511221458,0.412258369808828,36.0048318013566
0.325132575196524,0.311163427773863,0.761511455839527,45.9860417975397
0.320971338699261,0.309596996288747,0.555787684053544,154.002677618263
0.319944784666101,0.309579014778137,0.128338938321131,54.6292803365924
0.323434572511663,0.31194104688863,0.5267502802863,79.7668244922803
0.323103825251261,0.311604818018774,0.0589549090390556,73.0827549146163
0.325936385275175,0.309856186776112,0.416103718889034,54.1297302298324
0.321915812324733,0.310999406812092,0.522493404571071,116.223362394607
0.320998676121235,0.312122907179097,0.181288439476813,48.4921780792665
0.324602394519995,0.315600128378719,0.625972413138383,79.6386616466393
0.3224408266445,0.314618583613386,0.296748152024667,113.879476185467
0.316120075372358,0.309117154839138,1.04744939617031,95.97383012872
0.31942452583462,0.311121596489102,0.483108088087741,190.716294258659
0.318895054981112,0.316635868977755,0.692454200469206,81.2167377403962
0.32019340666011,0.315647611549745,0.203959624771844,105.539710535247
0.322405400065084,0.315529366334279,0.276893954053017,19.7126727301967
0.315259753571202,0.313033878958474,0.946108155305964,150.857497532958
0.31928367447108,0.314706834809234,0.544729300419414,186.281951627526
0.321637154867252,0.316739187110215,0.388694245408358,26.6978961237658
0.318235500250012,0.310108901467174,0.931496962583176,162.502159820246
0.314808946258078,0.310352997854352,0.42940466247377,107.412923804623
0.315746533063551,0.313767054739098,0.4425574367751,84.280002157129
0.318213126156479,0.315015398897231,0.345562146708679,41.4229678552904
0.317765229692062,0.312512140255421,0.317876623831631,74.2290666323379
0.315287017884354,0.312034176662564,0.315485314633458,44.8086219897118
0.314403796723733,0.312251275094847,0.113688949816711,27.1852835980895
0.316090459935367,0.316606152957926,0.583761964435966,76.1075839335173
0.315774412825704,0.315472009902199,0.147169451992247,91.2962736883932
0.31185266484196,0.314641139625261,0.501099613741756,56.5380065486614
0.312251583362619,0.314668979806205,0.0499861014745429,68.8308166555557
0.317309379422416,0.319548931904137,0.878521782781805,105.104266009132
0.317695271844665,0.319154636158297,0.0689635429883539,110.091818386306
0.320844185072929,0.317277357603113,0.458254659224958,48.9975734493675
0.313769559375942,0.320149664922307,0.95443437183008,176.139783062477
0.315716924145818,0.318195743486285,0.344828728435842,159.871160881202
0.315086744725704,0.318034204033514,0.0813193066267495,49.0544560116311
0.315429438371211,0.316834648450216,0.155943325647335,22.2290515908776
0.310040168464184,0.317115611862391,0.674573598766442,92.5012440049684
0.311055714109292,0.318439209833741,0.208538236416728,101.392585126177
0.311677189699064,0.318712767524024,0.0848772752452178,17.5242284873321
0.313412247380863,0.316753134441872,0.327170324903361,38.9912040040998
0.309731367665033,0.318322297961762,0.50017418270039,101.001797624794
0.307221894462903,0.317903594113886,0.318020455917105,36.0521604686021
0.307966889968763,0.317348143551499,0.116158810404096,50.8959431593525
0.311095602034281,0.318898278754205,0.436458731145935,49.6953513130508
0.311174713540822,0.317370546981692,0.191222342739191,67.7003116598407
0.310646115647008,0.317191836424172,0.0697487899440428,23.1185007430446
0.310058109772702,0.319531148299575,0.301510026746093,39.3550491396711
0.310842550514887,0.317104674720516,0.318765227770354,77.4916841447609
0.309265980031341,0.314429593272507,0.388137283281207,37.0947500145841
0.310291031996409,0.317842927606155,0.445491000265988,103.45265902829
0.307684507220984,0.317118089490881,0.33817898594584,86.0266878658924
0.309860706329346,0.316094216890633,0.300628447505541,74.8759869440073
0.309068875232091,0.317574754667779,0.209873049281279,60.6790887898787
0.309534232597798,0.31903640491267,0.19174278491193,19.6457864779754
0.308662444042663,0.320870665833354,0.25386168755138,21.6889292201802
0.309960944267611,0.319739602971822,0.215254429067627,57.4169290436435
0.313094184423486,0.318239745683968,0.434215631885539,29.2412177279873
0.309454835330447,0.319612544650833,0.486207241443192,114.947464957992
0.313703857517491,0.323370274932434,0.709034625556752,128.765831502067
0.310356239477793,0.321826978586614,0.460779064308633,144.739989499608
0.309523589909077,0.318603869061917,0.416115599782625,47.2558453879424
0.310543372451017,0.323072967585176,0.572996482911383,123.626802408851
0.308341015285502,0.320923088118434,0.384714967663098,115.024893202609
0.310132475569844,0.324125689764818,0.458700393363461,104.348368478807
0.312309931963682,0.322524889217069,0.337821114384581,75.2950991878255
0.309395924986651,0.323923931146661,0.404056674995671,92.3357575667841
0.311923631622146,0.326479056073974,0.449269619585807,86.9244111653284
0.309650271665305,0.324672532112648,0.362967248785315,101.351007501801
0.31295618818452,0.328035920082281,0.589510690455022,118.84896715858
0.309996154159307,0.324234494008124,0.60224374254345,148.722338968382
0.310963144991547,0.326014815053592,0.253248096444359,106.636962091957
0.306053776759654,0.325576102361083,0.616116431555411,98.146527521225
0.307566261850297,0.32549431004251,0.189336882830386,100.496317477491
0.303505253357192,0.319216543498139,0.934596694157349,130.217223239619
0.301089657315363,0.322260527871549,0.485749181401531,147.903993806076
0.304243034372727,0.32558922112609,0.573148999616509,87.1288452547122
0.307663641404361,0.322695875074714,0.560022374523274,97.30898880686
0.304278675156335,0.321067584833751,0.46952977822711,108.158631271939
0.306726683086405,0.323800631177922,0.458637335366145,113.799830872594
0.304137892245005,0.323586686669538,0.32470203343766,91.1810754105258
0.308644037848959,0.32747384129713,0.743884644354869,128.046028717772
0.307653112181773,0.324001192425688,0.451407933965614,143.532869391641
0.305486021097749,0.325330533242474,0.317790978219823,77.2489476655279
0.30471570448329,0.325468847062439,0.0978294433651599,28.6816622685
0.308448023473223,0.324883932713419,0.472234214901289,71.2554588957776
0.304697144466142,0.322969633465012,0.526391532900756,118.755670581333
0.305685560839872,0.324821704377731,0.26241467641871,94.5880058149129
0.304428895780196,0.325612417267015,0.185591703473718,38.8018538404797
0.305109978187829,0.328445437985162,0.364217475286062,43.9889859786166
0.30569734548529,0.327022943024834,0.192373832610359,66.5085539384117
0.302359482273459,0.326253640154998,0.428171215141166,62.1751213695782
0.304413808199267,0.329131179178755,0.441950326724618,101.71282083925
0.307202560361475,0.329074744445582,0.348665390752026,47.2577702746747
0.307040091293554,0.329124920380612,0.0212550811893165,46.1429096532159
0.302602551877499,0.323763318049411,0.869972481847334,107.75991752632
0.300244596010695,0.328753794853886,0.689936756678155,164.982694826433
0.304894307473054,0.32929089696457,0.585078725478595,129.734505374034
0.303881076474984,0.329586876866718,0.131947027600312,88.5636484763155
0.303988487459719,0.327055395891269,0.316719835005599,47.5225415981994
0.30193424395596,0.32837202741454,0.304995772020118,68.9640133639747
0.303646136075258,0.332795440064122,0.592889562025944,76.2843584508224
0.303544415316234,0.33262555875505,0.024750874980911,77.1620989692473
0.302562842921664,0.328799427486956,0.493754190590888,58.7597703466106
0.300216273870319,0.3281521590737,0.304275335621617,54.0552400356553
0.298890269827098,0.331532110615323,0.453843983833447,64.9144071005252
0.297388986373941,0.327186641128113,0.574686831443277,120.740768750033
0.297688647949447,0.327939309955885,0.101266003683884,84.4825952786628
0.295961696499338,0.328225187957287,0.218806690608427,32.4949441349052
0.294129626980672,0.327663766996314,0.23952010016915,13.340541732087
0.291536250617355,0.322685174178332,0.701694237732353,70.0359061894572
0.295801765440653,0.327188486388574,0.775347075213403,182.853168068738
0.294040794639538,0.325975939476242,0.267257137912939,129.781192144944
0.296619806749125,0.32985925519218,0.582712466764492,104.586317230348
0.29618558799848,0.329142327886075,0.104771379504693,85.9258459128146
0.295056933226685,0.326416635575394,0.368766104868664,33.2095700769554
0.295314368636658,0.326473829802126,0.032964035771825,48.5776788941666
0.293270611048986,0.327331401407719,0.277048454016938,38.0689045598204
0.292244844604284,0.32497415288041,0.32134525383961,52.6897947075665
0.295123314174513,0.327457781881094,0.475230208684658,97.1733737991825
0.292197871642808,0.32826788785557,0.379442141838453,94.3807880652497
0.295437342021614,0.327775395940989,0.409586617462686,98.4535111665659
0.294521737688531,0.329662127109865,0.262145170849114,74.8131597555878
0.294133774315317,0.330135922413319,0.0765463063007699,23.5662750950866
0.295091807221373,0.330673836482068,0.137339599308308,21.0550408705859
0.292725720132391,0.330715656590958,0.295807080136172,52.5146067813018
0.295693656740089,0.331412848085165,0.381090616006205,83.9708498548893
0.29721630209436,0.332770491484553,0.255001362581641,24.8288257369038
0.297452189493924,0.328721372565875,0.506998010395233,86.8401807443446
0.2960006268695,0.332780365366489,0.538842170306748,129.403834381087
0.295977884593109,0.333257161546499,0.0596672817075282,60.2599759465511
0.300197470001876,0.332905056265493,0.529281339866728,67.539813598929
0.296713398614277,0.332777793208758,0.435799361079283,120.420894821748
0.295878993502508,0.335577946777145,0.365228778838907,61.6950102094421
0.294738533285757,0.338231382581095,0.361017898441209,5.3032048665894
0.29332251722614,0.335486526290576,0.386072725028442,84.4581311532911
0.296960667241365,0.335032357213398,0.458298570188322,86.7037467616174
0.289933124401917,0.333413926884532,0.901437004607652,167.641402194056
0.292608746017019,0.333192621202519,0.335594789890188,153.175500051843
0.294085206308713,0.335880890333404,0.383379827835193,49.1718861003896
0.297469053262224,0.334462455939502,0.458638888700051,70.7506102940423
0.294547708549847,0.3360468444104,0.41541661609246,109.120672054236
0.290549322962761,0.332635479358335,0.656987666615887,79.8521129242881
0.293735177411387,0.337445386995872,0.721163123553121,170.593682399117
0.29236238837863,0.334019919391721,0.461288582999133,147.076520463062
0.293599874246866,0.332934990525246,0.205716807749257,54.7804046598254
0.28983630053699,0.333151917749395,0.471227527485429,80.7457704129317
0.291713417197267,0.335843946939955,0.410232177384002,96.2473589279256
0.291571706843873,0.334119705793758,0.216256840733484,75.8723778738428
0.290144811229159,0.3344224911804,0.182333403654725,37.5017503521979
0.29125312048321,0.334664973119895,0.141815620481011,39.6237807640356
0.292941602567832,0.336397609207779,0.302412166048083,24.9861284724016
0.292318653315306,0.333925083900491,0.318724194210319,74.9773683070509
0.292886683096488,0.332796024469038,0.157986996699126,28.0525613066847
0.290461315773427,0.337241183345517,0.632972206253317,98.8611122913425
0.29295709853371,0.338643236240993,0.35782947903463,90.4068119073875
0.295865280708919,0.338082841287057,0.370210372385621,31.3329946304832
0.294780016566316,0.336554616224021,0.234296490267614,64.2039380221335
0.290037725276003,0.335340500654032,0.611905365685078,57.351439225434
0.290594625441978,0.339709379710257,0.55052875155939,120.273186643873
0.292940996897717,0.336772452729444,0.469890264764943,117.527641101073
0.293658423082282,0.339549659440915,0.358546925287927,92.8403611246473
0.291173408894489,0.338935745414346,0.319965475323837,72.8790672751206
0.290875947258125,0.340586608275771,0.209680993279818,49.1991541289485
0.293996068959435,0.340181990526617,0.393280969734043,62.3139347769592
0.291369227692485,0.338257157088568,0.407071838062359,92.88486117961
0.289715690072626,0.339288574332992,0.243605989265487,48.6305078195481
0.286792556755245,0.337129411598047,0.454262659894473,53.6546980335854
0.286688621311138,0.340692904156943,0.445625995683542,99.6780220083052
0.292586198542267,0.340281280378501,0.738990562906066,112.477975585424
0.287337996220837,0.336884634724508,0.781433271557906,180.290264437968
0.285461906343699,0.340148953100046,0.470629360603557,116.654605177393
0.287600110750645,0.342702666142335,0.416333857698741,63.6985058167137
0.28941110537077,0.340603883688649,0.346513647413872,72.8748066716255
0.291101910018673,0.341331628306458,0.23009619544471,44.2043950731117
0.287482311173032,0.340713430351267,0.459001370422222,85.5986881819478
0.286163466206441,0.341979551284264,0.228528385233384,46.4673053857316
0.285156503009299,0.339187684624145,0.37098884603089,63.5930465716327
0.282837174832821,0.337619917312016,0.349936992882039,28.0411991677527
0.280582416647424,0.335498053890963,0.387020648113057,8.71633845558646
0.285800578538328,0.33982647008573,0.847463128574808,154.24545550582
0.286677103955299,0.339840845825772,0.109580412005338,95.6331087207448
0.284453759435564,0.338981961055348,0.297934134454921,50.320694071732
0.284026359518369,0.339981005216638,0.135828472106482,40.3757888936026
0.287416149862111,0.343910024190942,0.648650867606254,75.1880680651357
0.284736185024182,0.339917216294756,0.601102196338974,155.935048931331
0.286708027124405,0.341426495617876,0.310395044243316,112.578392347342
0.282153175522884,0.340553505967061,0.579719544832773,108.560512157705
0.280383309970299,0.341821807747086,0.27217335581618,54.8908635877732
0.282936216332018,0.342254145691792,0.323657008607733,68.7947165603835
0.284460071939975,0.341572599951178,0.208665421131027,23.6948491971806
0.288083823708196,0.343432807984451,0.509165229885272,51.5153101554506
0.287132802264144,0.344546078393857,0.183022061149098,72.4273372361796
0.28903025140365,0.347104940718661,0.39820082940161,49.9108596299399
0.285248845505218,0.343571826505164,0.646890719788539,130.130617866535
0.283268960968902,0.344724838932355,0.286394080398845,78.4450664159313
0.277845825379093,0.344475624617189,0.678607344588997,58.0910049579152
0.28223569970578,0.346498105209321,0.604170717151393,157.383204286446
0.283925034260998,0.346431439432005,0.211331181343734,53.3484446396682
0.283255752952148,0.34586063430955,0.109954248880246,37.6858198007002
0.279006737284362,0.34586764468501,0.531127681366151,56.6573118311394
0.278247294947505,0.347101770030955,0.181134361064,57.797576584683
0.279427859932184,0.346003865357488,0.201522655173042,47.3981031311766
0.284830216318369,0.347622197431823,0.704942963408315,78.4391569607291
0.283493521157652,0.347700972730915,0.167376797060494,108.010518801977
0.280111443717033,0.347647009727856,0.422813489837095,32.026326328127
0.280943966160218,0.344843739954134,0.365535032577865,78.6258009631319
0.276871851800631,0.343193621064226,0.549218303995398,78.7246039282533
0.276163677995404,0.345911129067342,0.351033293591203,86.1393378763103
0.271709203875313,0.346136000938714,0.557518315913943,70.3090293143762
0.273504334501922,0.346604738694926,0.231914890459856,97.724388803064
0.277239148815473,0.348170530671875,0.506219790329821,34.8192205159687
0.269400085633,0.34506272803992,1.05407949162104,195.029248896495
0.273257263315221,0.349822443754723,0.765799351147621,220.251484958311
0.274354963252942,0.348890583962202,0.179987318398299,98.8319838401132
0.276623395892481,0.350187691704681,0.326637105968833,39.3393667236181
0.27515281845505,0.345832828742762,0.574557294474491,105.887443464082
0.276945479369412,0.350805448989073,0.660735684529729,154.403675490519
0.282670899449537,0.353588244256874,0.795734572152468,70.3332054451217
0.281851963450511,0.352042707769821,0.218637085261746,122.597071980939
0.279251056412856,0.351957371613632,0.325288325904856,35.9972525968776
0.276994934305549,0.353912057665487,0.373138808881792,32.3273934242065
0.276520612494399,0.352581252343953,0.176600891151692,58.3991891883202
0.27509255738308,0.351955107413232,0.194911793961982,18.5283347348174
0.275802137485395,0.350708003311108,0.179355293479223,34.7812450833781
0.276073759111265,0.351140439820786,0.0638332351893922,27.1203566274525
0.274183273781091,0.35316143091768,0.345921319570317,41.921068892327
0.275462419105073,0.353500215802342,0.165406126980855,56.0682311039076
0.273172325609873,0.351869579094152,0.3514146475954,63.6957626945491
0.26882440270856,0.349784805284192,0.602737445359336,32.9272634853107
0.2737701566269,0.352730505323658,0.71956617293952,165.121652580315
0.277569346983607,0.353248886608829,0.479299073571693,41.9451497768193
0.280082440624634,0.353196298858772,0.314205474173313,21.9866037053776
0.279936140092711,0.356059168620656,0.358325688078251,61.6589304074482
0.274228724030157,0.356072391228129,0.713428922401842,97.6362415123303
0.275787107180804,0.353654395168026,0.359584460499531,119.715098009551
0.277852626827856,0.351812694997837,0.345918860817461,11.9947129742787
0.273797337741901,0.35335349276041,0.542267048426821,109.269582916645
0.267755261156708,0.350478189221273,0.836417770012361,75.6632058613343
0.268259373881544,0.35050945263356,0.0631351526846725,111.913320433675
0.267749782806883,0.349790202608953,0.110184763952871,19.707738927895
0.26810579188168,0.350830426284422,0.137432242188269,30.638594399828
0.269427915724615,0.353363028882692,0.357117089009764,27.7781239208576
0.268816912313923,0.354341624615093,0.144209850096478,38.7547827122908
0.267945940140635,0.353494877771785,0.151841443993359,28.8087853329301
0.269223890112092,0.354526786444088,0.205319554198517,44.5989423289838
0.266847516565273,0.354921759727101,0.301121734320043,57.9596250111636
0.272512070679416,0.353629654428611,0.72625655563348,128.375091084613
0.268235273038348,0.352156512904912,0.565424950970188,155.359374870896
0.269859678267191,0.351233111073573,0.233564876212606,92.6055260625827
0.26819956380253,0.354625652699421,0.472118210814351,84.7437508392772
0.272074347672363,0.359187323289613,0.748151770733839,88.391057411835
0.273973675289502,0.358770158917954,0.243075075536328,83.6940475752432
0.270815123803914,0.358446000299106,0.396892741675965,79.0427209199786
0.272762156712512,0.357724432678272,0.259554816542961,80.0160596689016
0.27320499625057,0.361620340496302,0.490124419520334,75.879731634802
0.270776399876922,0.358565607573837,0.487811976676252,117.506389971739
0.268926049893101,0.355990774463862,0.39634187828444,11.7413606596634
0.264607318366567,0.357195996989806,0.560468600471403,70.540823818288
0.264981434370081,0.358897705096751,0.217793382063678,73.7349625036366
0.266362242866307,0.356669960077852,0.327621160137826,63.3805772229537
0.266222893260419,0.355391077231616,0.160806543664393,27.9998085152186
0.265146278543398,0.358231327651689,0.379681644967947,66.0065632726079
0.263920059427619,0.355992107807348,0.319122792569557,79.4011393401659
0.2643567614723,0.35889905753235,0.367446113811217,84.5027505422394
0.263370459356035,0.354078782411913,0.615018344508595,122.768106494228
0.267486033185075,0.360736938659102,0.978431402122929,196.268612785862
0.267253037231664,0.360377597312133,0.053533476376275,128.994128792376
0.266832351296519,0.36057408961157,0.0580390331704102,9.16667723941318
0.266004015381138,0.356797146145254,0.483338687161626,62.4108158440101
0.265583666041493,0.358423132759829,0.209930272580126,84.6611272718548
0.258688200265169,0.356102283578366,0.909445136432427,118.487215066201
0.261219335564723,0.356872510475417,0.330716442401622,155.00721313775
0.263331433292478,0.357255018160989,0.268306871333707,8.92020115548453
0.26140442979522,0.355274125312765,0.345445341067755,73.1209947972482
0.260286246814455,0.357731620936344,0.337491155402228,70.4919287935174
0.264260312309489,0.358190345888336,0.500056639610714,85.4761461848925
0.261205160369476,0.356439093283067,0.440185313675312,115.131864947806
0.263960636065652,0.356435568071902,0.344434743895069,94.8090501938973
0.262266558595002,0.35675638820976,0.215523491955497,69.7087329092339
0.264087028491,0.358020349716147,0.27702970654856,56.8577386955573
0.266354242650171,0.360512003457795,0.421096010649071,20.4132636611661
0.264787550084293,0.359115805942565,0.262318183983891,85.3162604653956
0.264286794156457,0.357107974899312,0.258666713573986,19.2023334924096
0.264345033715169,0.360233510378748,0.390759754345106,80.6830093672129
0.263873792563875,0.36020280700177,0.0590300400259784,50.0053550379693
0.263986335601658,0.355109743929158,0.636788296317886,79.6235798590887
0.260609195878108,0.357272143165271,0.501264700044984,125.797862924696
0.259489077143371,0.359819261201968,0.347816318999201,35.774604662186
0.267279506505777,0.361409496360769,0.993884719727733,140.027805059652
0.269604791654274,0.362113488527636,0.303689705765505,86.5083708236083
0.267429836870482,0.359936567023396,0.384655193549211,83.4904780144141
0.268467216286808,0.36062755001088,0.155805043564551,67.2854794066929
0.265679447135578,0.361323869476716,0.359176959325397,59.7680045316481
0.271569156708817,0.360584359616041,0.741994290021189,137.429174646672
0.263231910609951,0.358783817694833,1.06618202980224,222.913533769222
0.262769571117436,0.360868412069976,0.266906219345466,137.205328870655
0.265964637277648,0.364328063558787,0.588664221354192,61.052372045914
0.268707294017076,0.362011177154879,0.448785315444446,90.5347938850951
0.27228309509034,0.364831441392501,0.569268221128578,81.3167487161925
0.272591845753292,0.362631821849694,0.277647852081038,93.5842956834487
0.275342244654894,0.365825843065977,0.526878568315303,92.5087183911563
0.275837642606348,0.367574828676879,0.227224070215121,41.8480474886199
0.277041488637527,0.364292363791416,0.437032267671054,79.3919039256917
0.27332679539298,0.365749589477976,0.498786850183944,106.727666315598
0.274428280691306,0.366781859037777,0.188698267186935,75.5451597311966
0.275132803944871,0.368856251860658,0.273845833637412,17.4245006460002
0.273656653861205,0.364851482833425,0.533520062166612,100.913243268139
0.272838812631865,0.368304813435922,0.443606605820208,116.985889735192
0.272379851279159,0.368424631655216,0.0592929602894203,52.387107916771
0.274053639887522,0.36638996253411,0.32933281840591,47.3683364799184
0.271828807424754,0.36576689981545,0.288803746046972,64.7860791956197
0.263848269823939,0.36247624658669,1.07904311682543,99.1223458396569
0.262981954185913,0.365111915394664,0.346799042359455,144.675558884702
0.260699311892192,0.362254773887495,0.457126101192813,88.6323856916858
0.259021858607108,0.361872292123735,0.215063283682294,39.8060317235682
0.260597694354753,0.360037454403937,0.302331765241729,55.6680560047809
0.258111132308841,0.362247947448244,0.415881411640888,89.5787897674297
0.258736353833228,0.362990539210538,0.121343036470029,53.7598354966507
0.261278590963533,0.359932283870876,0.497115041848807,66.514411043105
0.259584976515422,0.360810656255732,0.238480474348976,90.3544945019872
0.256562180894737,0.361967755947262,0.40458646056364,21.2201738120684
0.261774836418529,0.363983081032832,0.698584649602408,129.375760848494
0.267345151708772,0.366621001002689,0.770420281000061,11.2189773923352
0.268648869202783,0.365432528778911,0.22051592668116,89.5479287125022
0.265889717886845,0.365507944021374,0.345022722146557,66.483070445071
0.267829291832944,0.365615275533249,0.242817676773171,73.4192758909426
0.271862788746754,0.364149599180867,0.536442339102761,40.9209983909004
0.273644587801148,0.365028155657152,0.248327824919195,50.7886312065884
0.286377020490666,0.372619217727333,1.85294978322758,200.691011068087
0.289207313830654,0.372313177833955,0.355848914716574,197.899481715774
0.299993346445262,0.376595517310003,1.45062987909308,143.500983911874
0.305412686429918,0.378193847058962,0.70626552920637,93.756898183077
0.330122753201673,0.385986941556136,3.23872978985036,316.577789248673
0.353765443433076,0.39768688287586,3.29740766612351,63.2817221698509
0.379614865562568,0.403547174297273,3.3131736106898,97.5420289582976
0.394892339284221,0.406358985851208,1.94175938073346,171.917127394305
0.414926138396064,0.412726301078995,2.62766474883025,92.7870303754387
0.422934820254644,0.417182825195293,1.14564114357883,190.249737974684
0.428143350717922,0.420064088578026,0.744043726323167,50.2005115627457
0.428722117406627,0.420468025219937,0.0882234105333588,82.0451779681068
0.426485918772717,0.420397197206815,0.279665004339464,44.6050135925827
0.42667927655081,0.419105061329901,0.163315375250077,42.4883292145919
0.426816989978154,0.4197713509202,0.0850465686965885,30.6127470880509
0.428221662528813,0.4185374227042,0.233709348631447,35.6853009786763
0.428859003198644,0.41865870077163,0.0810971156873488,24.3338107817894
0.428401566110551,0.418865071920057,0.06272929694148,17.1574963378977
0.424186514690518,0.416993112924198,0.576504674684249,67.0949974708192
0.428008697616557,0.419781698534886,0.591413719777636,145.167780727507
0.429800207726657,0.420055832713842,0.226545319095557,50.5006625302906
0.430002383887768,0.420835769735277,0.100714397984253,26.0606026216098
0.428543381082515,0.41926397383213,0.268072738114207,44.9885057663061
0.426904113652806,0.416200773790479,0.434280874717067,23.4727944624908
0.434050111100078,0.421735895487169,1.12987037222194,192.0744177444
0.434576562605798,0.422379408652584,0.103927587616411,128.606396036343
0.432428271199266,0.421309290764232,0.300008027557941,49.6343589526614
0.431177527954181,0.420563417797287,0.182032154952499,14.911256620997
0.431908085010946,0.420191526102523,0.102470807262319,31.5044828703916
0.430830370634794,0.418538443433742,0.246670028402976,34.6272558458375
0.43026107766976,0.420744286850095,0.284765244804439,60.8167932343496
0.432614215960105,0.420546653370063,0.295177880849005,59.1222119492491
0.43230988457799,0.420911567596098,0.0593953889339442,42.4431058223713
0.430475286363314,0.41788555526485,0.442339328848501,58.1285690598596
0.430500441851715,0.420267722879847,0.297787553901018,89.359556914081
0.434185885979484,0.421943663309018,0.506076741046866,58.24682663339
0.428782903278867,0.420367970131338,0.703507185612567,150.821823660279
0.426300127059221,0.415674335944156,0.663729750631822,66.7484967904656
0.427466485338906,0.417662863309185,0.288168589925532,118.963075289097
0.431849708314985,0.422047744660328,0.774998267353162,62.6769582784613
0.430548933024208,0.419542315726479,0.3528719336491,139.56563836552
0.429604766579966,0.420911284474035,0.207873372897202,60.7933536773882
0.430418677317599,0.418855178169906,0.276417478155615,60.155183608868
0.430074418274065,0.420012723964949,0.150956665795487,53.3746822309354
0.427529740147293,0.415837410837412,0.611205602705889,90.1404454708006
0.430742624526223,0.420662118121982,0.724573435009267,166.938989827314
0.428212980739772,0.419329681744178,0.357388190278186,131.553822280328
0.433354151745637,0.423279718806346,0.810424581084352,145.527332140405
0.431188380966584,0.420505744405091,0.439912936098967,155.155328239045
0.432637981139123,0.423086255478362,0.369974197991884,100.949377463116
0.432573241802553,0.422577230570217,0.0641406582748844,53.7610288678652
0.432093052503963,0.421798023705681,0.114410520455681,7.7433968925086
0.427850878487031,0.418352737712363,0.68312283812203,72.0454957136756
0.430836566103001,0.418883295729756,0.379057679276455,128.893767749731
0.427654551652571,0.417533007760843,0.432082413322101,100.751728239215
0.42888462357223,0.420798146786789,0.436144503474306,99.766172524467
0.42800869482259,0.417847378489872,0.384754075606654,102.546605574372
0.427403324904541,0.417117917910218,0.118492185590602,34.9644422339955
0.430200266341368,0.420792344647149,0.57722792895921,86.9541372536119
0.430945010234912,0.420068375766277,0.129830081707894,75.8374449624927
0.430952430702746,0.420357055651645,0.0360969050696145,19.5724774742325
0.429266460550328,0.417390891040365,0.426479554317479,57.3281750181043
0.432045147443811,0.419450861401856,0.432373152320349,105.042768566109
0.431417659856379,0.420187638762097,0.120971429410038,57.0962051183343
0.433035146445036,0.421019211721917,0.227341168868145,35.1089795295307
0.431717346422374,0.42051950097084,0.176170537693088,50.360574395927
0.431646554420392,0.418455490842462,0.258152974198295,31.2580518746563
0.429054797937473,0.418961014909049,0.330074713338039,56.2451558097367
0.433598609020313,0.420495512274404,0.599490686447961,112.646508913863
0.42952150820444,0.420687353238463,0.510201461714479,136.325638567316
0.428835052375992,0.419531884603202,0.167999691753927,57.0081643925958
0.430885640128205,0.421284092590213,0.337155911617444,62.3944243109403
0.430083244728545,0.419516295505067,0.242672133226038,70.7968535727445
0.433772551516692,0.422037821883957,0.558584705087631,97.0433068232331
0.427720301784575,0.418748972006142,0.861015573490009,177.230756736214
0.434833253733814,0.421481201425195,0.952457044885393,226.199024822278
0.430046507157385,0.417571841428677,0.772536794929944,212.932427069596
0.43007206171751,0.419260206942757,0.211069861978385,115.342531998004
0.431468019572397,0.421982553166648,0.382423752517917,26.8237215125016
0.428857003028194,0.418278687944015,0.566458639563753,118.329887405988
0.429855573611955,0.419665081426501,0.21357193237266,97.5028206215151
0.431373527894417,0.421376109744112,0.285914189140273,9.57019709947286
0.43421058015277,0.419001673037807,0.462446199385481,67.080299528777
0.434420770344635,0.420191003941,0.150970191286048,69.1763129838495
0.431420786306262,0.423252298807104,0.535773834160283,58.064206419451
0.429273831968506,0.420168039699395,0.469741737086292,96.9449008336937
0.432157144881785,0.420807932193081,0.369183130356623,97.7941448519967
0.434762321723004,0.422041848301888,0.360327440878395,10.2486628546538
0.434057137928903,0.421669176469247,0.0997002130065059,57.4940816194217
0.426629246833424,0.420129894589384,0.948213409127701,106.612172786691
0.432373233449956,0.421223735126356,0.73090129903109,209.882603045339
0.42774470616132,0.416529354639351,0.824056970671786,185.597474900071
0.430538043069343,0.420326723406712,0.589262524223193,176.219158394645
0.431021190093209,0.420255260852476,0.0610504329592892,70.407631990688
0.435720620676875,0.423127555909256,0.688462130220971,80.3476879520561
0.432955674516658,0.421185194514692,0.422375999850718,138.788209933609
0.432274555477003,0.420499237254262,0.12083437200595,38.0201132030665
0.432088526586692,0.422290053218603,0.22505654033243,39.4651740973354
0.43326587912937,0.422299439397951,0.147173744586237,35.0512355550626
0.431391270831227,0.420551097330948,0.320421018318058,55.0303395587808
0.43026520870626,0.421658924780786,0.197456386319779,46.1348484211803
0.431955838575959,0.42150979830573,0.212149271662472,48.194164387283
0.429793848966559,0.421244432528814,0.272276802707108,60.2245724555226
0.434417745408912,0.421881904825568,0.583454010060199,106.963785871455
0.434719594816367,0.422899766204258,0.132709436540913,67.7930315255358
0.43060376898696,0.418335696371893,0.768223963241596,111.227405692918
0.430966622506579,0.421522551216185,0.40093068437868,139.872467420267
0.430106015565495,0.420078295903901,0.210153132936067,74.8436468900027
